INSERT INTO
    "media" (
        "id",
        "name",
        "type",
        "slug",
        "release_date",
        "cover"
    )
VALUES (
        '79e1cb2a-a865-4d45-92e7-259c5c94c07e',
        'Wanna Be Startin Somethin',
        'Song',
        'wanna-be-startin-somethin',
        '1982-11-30',
        'cover1.jpg'
    ),
    (
        'fc460aed-9865-49d8-91aa-1965cd4b0d18',
        'Baby Be Mine',
        'Song',
        'baby-be-mine',
        '1982-11-30',
        'cover2.jpg'
    ),
    (
        'b3747258-b1f6-4a4c-801d-3f38e2baddd1',
        'The Girl Is Mine',
        'Song',
        'the-girl-is-mine',
        '1982-11-30',
        'cover3.jpg'
    ),
    (
        '51d5916d-e6ec-4239-8873-0d60daa5f88d',
        'Thriller',
        'Song',
        'thriller',
        '1982-11-30',
        'cover4.jpg'
    ),
    (
        'c9ceceb8-97a6-404f-bced-f7116cf5db25',
        'Beat It',
        'Song',
        'beat-it',
        '1982-11-30',
        'cover5.jpg'
    ),
    (
        '6ff9fe67-2f05-4e1e-a105-6425b72ff4cc',
        'Billie Jean',
        'Song',
        'billie-jean',
        '1982-11-30',
        'cover6.jpg'
    ),
    (
        '50276085-9780-4352-8ad7-bde738c8de31',
        'Human Nature',
        'Song',
        'human-nature',
        '1982-11-30',
        'cover7.jpg'
    ),
    (
        '73125191-81d0-4e33-adaa-eba8393a1d55',
        'P.Y.T. (Pretty Young Thing)',
        'Song',
        'pyt-pretty-young-thing',
        '1982-11-30',
        'cover8.jpg'
    ),
    (
        '3ebcc6f3-9a55-4fd2-ac3f-827e42a384eb',
        'The Lady in My Life',
        'Song',
        'the-lady-in-my-life',
        '1982-11-30',
        'cover9.jpg'
    );

INSERT INTO
    "media_album" ("media_id", "album_id")
VALUES (
        '79e1cb2a-a865-4d45-92e7-259c5c94c07e',
        'b9d5b052-06a9-4af7-8d3f-80f4c3b3c47a'
    ),
    (
        'fc460aed-9865-49d8-91aa-1965cd4b0d18',
        'b9d5b052-06a9-4af7-8d3f-80f4c3b3c47a'
    ),
    (
        'b3747258-b1f6-4a4c-801d-3f38e2baddd1',
        'b9d5b052-06a9-4af7-8d3f-80f4c3b3c47a'
    ),
    (
        '51d5916d-e6ec-4239-8873-0d60daa5f88d',
        'b9d5b052-06a9-4af7-8d3f-80f4c3b3c47a'
    ),
    (
        'c9ceceb8-97a6-404f-bced-f7116cf5db25',
        'b9d5b052-06a9-4af7-8d3f-80f4c3b3c47a'
    ),
    (
        '6ff9fe67-2f05-4e1e-a105-6425b72ff4cc',
        'b9d5b052-06a9-4af7-8d3f-80f4c3b3c47a'
    ),
    (
        '50276085-9780-4352-8ad7-bde738c8de31',
        'b9d5b052-06a9-4af7-8d3f-80f4c3b3c47a'
    ),
    (
        '73125191-81d0-4e33-adaa-eba8393a1d55',
        'b9d5b052-06a9-4af7-8d3f-80f4c3b3c47a'
    ),
    (
        '3ebcc6f3-9a55-4fd2-ac3f-827e42a384eb',
        'b9d5b052-06a9-4af7-8d3f-80f4c3b3c47a'
    );

INSERT INTO
    "media_interpreter" ("media_id", "interpreter_id")
VALUES (
        '79e1cb2a-a865-4d45-92e7-259c5c94c07e',
        '4d171119-0ff4-4fd2-b75e-614f20221bbe'
    ),
    (
        'fc460aed-9865-49d8-91aa-1965cd4b0d18',
        '4d171119-0ff4-4fd2-b75e-614f20221bbe'
    ),
    (
        'b3747258-b1f6-4a4c-801d-3f38e2baddd1',
        '4d171119-0ff4-4fd2-b75e-614f20221bbe'
    ),
    (
        '51d5916d-e6ec-4239-8873-0d60daa5f88d',
        '4d171119-0ff4-4fd2-b75e-614f20221bbe'
    ),
    (
        'c9ceceb8-97a6-404f-bced-f7116cf5db25',
        '4d171119-0ff4-4fd2-b75e-614f20221bbe'
    ),
    (
        '6ff9fe67-2f05-4e1e-a105-6425b72ff4cc',
        '4d171119-0ff4-4fd2-b75e-614f20221bbe'
    ),
    (
        '50276085-9780-4352-8ad7-bde738c8de31',
        '4d171119-0ff4-4fd2-b75e-614f20221bbe'
    ),
    (
        '73125191-81d0-4e33-adaa-eba8393a1d55',
        '4d171119-0ff4-4fd2-b75e-614f20221bbe'
    ),
    (
        '3ebcc6f3-9a55-4fd2-ac3f-827e42a384eb',
        '4d171119-0ff4-4fd2-b75e-614f20221bbe'
    );